district,club_name
2981,Aarupadai Veedu Medical College & Hospital
2981,A.D.M. College for Women
2981,A. G. Padmavathi College of Nursing
2981,Arvindar Arts and Science College
2981,A.V.C. Polytechnic College
2981,Avvaiyar Govt. College for Women
2981,A.V.V.M. Sri Pushpam College
2981,Best Arts and Science College
2981,Bharath College of Science & Management
2981,"Bharathidasan Government College for Women, Puducherry"
2981,Bhuvanagiri Ragavendhra
2981,"Bon Secours Arts & Science College For Women, Mannargudi"
2981,Bon Secours College for Women Thanjavur
2981,Bon Secours-Literati
2981,B.P.J College of Arts & Science
2981,CSM College of Arts & Science
2981,Cuddalore Waves
2981,Dhamapuram Adhinam Arts College
2981,"Dr. Kalam Polytechnic College, Avanam"
2981,Dr. M.S. Swaminathan Agricultural College and Research Institute Thanjavur
2981,Engineering and Technology Annamalai Nagar
2981,God City Kumbakonam
2981,Idhaya College for Women Kumbakonam
2981,Idhaya College of Arts & Science for Women
2981,Indira Gandhi Medical College & Research Institute
2981,Indirani College Of Nursing
2981,Kasturba Gandhi Nursing College
2981,Konagarnadu Sakthi
2981,Kurinjipadi
2981,Marutu Pandiyar College
2981,Meyyathur
2981,Mother Teresa Nursing College
2981,M.R.G. Arts College Mannargudi
2981,M R K Arts and Science College
2981,MVIT (MBA) Pondicherry
2981,National Institute of Technology Puducherry
2981,Pattukkottai
2981,PERUNTHALAIVAR KAMARAJAR COLLEGE OF EDUCATION
2981,Physiotherapy SBV University
2981,Pondicherry Alpha League
2981,Pondicherry Beachtown
2981,Pondicherry Celebrities
2981,Pondicherry Cosmos
2981,Pondicherry Engineering College
2981,Pondicherry River
2981,Pope John Paul II College of Education
2981,Prime College of Architecture and Planning
2981,PRIST
2981,PRPOLY
2981,"PS.PT MGR Govt Arts and Science College, Puthur"
2981,Saradha Gangadharan College
2981,Sir Issac Newton College of Engineering and Technology
2981,SJCET Thanjavur
2981,Srinivasa Subbaraya Government Polytechnic College
2981,Sri Raghavendra School of Nursing
2981,Sri Venkateshwaraa Medical College Hospital & Research Centre
2981,Sri Venkateshwara College of Engineering & Technology
2981,STET Women's College
2981,St. Joseph College of Arts and Science Cuddalore
2981,Thanjavur AVASC
2981,Vadalur Poosalikuppam
2981,Vaigarai Community College
2981,Vasanthamurugu Polytechnic College
2981,Venkateswara Educational Institutions
2981,Vivekanandha Arts & Science College for Women
2982,Angels College of Education
2982,Bharathi Women's College
2982,Dhirajlal Gandhi College of Technology
2982,Dr. Hahnemann Homeopathy Medical College & Research C.
2982,Government Arts and Science College Sendamangalam
2982,Hosur
2982,Hosur Midtown Youngsters
2982,Idappadi
2982,Jalakandapuram
2982,Jayarani Arts and Science College for Women
2982,Kailash Women's College
2982,Knowledge Institute of Technology
2982,K. S. Rangasamy College of Arts and Science
2982,K. S. Rangasamy College of Technology
2982,K. S. Rangasamy Institute of Technology
2982,K. S. R. College of Arts and Science for Women
2982,K. S. R. College of Engineering
2982,K. S. R. College of Nursing and Allied Health Science
2982,K. S. R. Institute for Engineering and Technology
2982,K. S. R. Institute of Dental Science and Research
2982,Mettur Dam City
2982,Mettur Government Arts and Science College
2982,Mettur Grand
2982,Muruga Polytechnic College
2982,Namakkal
2982,NKR Government Arts College for Women
2982,Phoenix Vizhigal
2982,Salem
2982,Salem Central
2982,Salem Gems
2982,Salem Gugai
2982,Salem Metropolis
2982,Salem Midtown
2982,Salem Polytechnic College
2982,Salem Royals
2982,Salem Vysya College
2982,Shri Sowdesvari Women’s College Salem
2982,SKS College of Nursing
2982,Sri Ayyappa Polytechnic
2982,Sri Vijay Vidyalaya College of Nursing
2982,"St. Peter's Medical College, Hospital & Research Institute"
2982,Theivanai Ammal College for Women
2982,The Kaavery Paramedical Institutions
2982,The Kavery Engineering College
2982,Thiruvalluvar Govt. Arts College
2982,Valapady
2982,Vanavasi
2982,Vinayaka Missions College of Pharmacy
3000,Agricultural Engineering College Kumulur
3000,Agriculture College Madurai
3000,Agri-Horti Trichy
3000,Allied Health Sciences TSRMMCHRC
3000,Annai Women's College
3000,Anna Nagar (OFT)
3000,Anna University
3000,Aranthangi
3000,Arasu College of Education for Women
3000,Arputha Arts & Science College
3000,Arul Anandar College
3000,Arulmigu Palaniandavar Arts College for Women
3000,Arulmigu Palaniandavar Polytechnic College
3000,Arulmurugan College of Engineering
3000,Arulmurugan Polytechnic College
3000,Bharathidasan Institute of Management
3000,Bharathidasan University
3000,BHC Midtown Sprinklers
3000,Bishop Heber College
3000,Boiler City Trichy
3000,Care College of Engineering
3000,Cauvery College for Women
3000,Chendur Institute of Hotel Management and Health Science Pudukkottai
3000,Chettinad College of Engineering & Tech.
3000,Dindigul Rock Fort
3000,Doctor's College of Nursing Pudukkottai
3000,E.M.G. Yadava Women's College
3000,Fatima College
3000,Glanis
3000,Government Arts and Science College for Women Kodaikanal
3000,Government Arts and Science College Kappalur
3000,Government Arts College-Karur
3000,Government Arts & Science College Kurumbalur
3000,Government College of Education Pudukkottai
3000,Government ITI Pudukkottai
3000,Government Polytechnic College Gandarvakottai
3000,G.T.N. Arts and Science College
3000,GTN Medical College of Naturopathy and Yogic Science Research Centre
3000,Holy Cross College
3000,Horticultural College and Research Institute Periyakulam
3000,Jamal Mohamed College
3000,Jamal Mohamed College for Women
3000,Jayaraj Annapackiam College for Women (Autonomous)
3000,J.R. Polytechnic College-Alundur
3000,KAPV Govt. Medical College
3000,Karur
3000,Karur Aram
3000,Karur Ilanthalir
3000,Karur Kings
3000,Karur Royals
3000,Karur Thullal Elite
3000,Karur United
3000,Karur Valalar College of Arts and Science for Women
3000,KDM Agri Crown
3000,KDM NATRIVA
3000,K.L.N. College of Engineering
3000,KMC College of Nursing
3000,Kongu College
3000,Kongu College of Arts & Science (women)
3000,Kongunadu College of Engineering and Technology
3000,K.P. National College of Arts & Science
3000,Lady Doak College Madurai
3000,Madurai Elite
3000,Madurai Gandhi NMR Subbaraman College for Women
3000,Madurai Institute of Social Sciences
3000,Madurai Kalasam
3000,Madurai Kamaraj University Evening College Dindigul
3000,Madurai Medical College
3000,Madurai North
3000,Madurai Pandyas
3000,Madurai Preceptors
3000,Madurai Sivakasi Nadars Pioneer Meenakshi Wom. Coll.
3000,Mahalakshmi Engineering College
3000,Malligai
3000,M.A.M. Business School
3000,M.A.M College of Engineering and Technology
3000,Mannar Thirumalai Naicker College
3000,Mannar Thirumalai Naicker College (SF)
3000,Meenakshi Arts and Science College Dindigul
3000,Mookambigai College of Engineering
3000,Mother Teresa Women's University
3000,Mount Zion College of Nursing
3000,M.S Polytechnic
3000,MSS Wakf Board College
3000,Naina Mohamed College
3000,National College
3000,N.M.S. Sermathai Vasan College For Women
3000,N.M.S S. Vellaichamy Nadar College
3000,NPR Arts and Science College
3000,NPR College of Engineering and Technology
3000,NR IAS Academy
3000,NRT Educational Institutions
3000,Pandian Saraswathy Yadav Engineering College
3000,Parvathy's Arts and Science College
3000,Perambalur
3000,Popular College
3000,PSNA College of Engg. and Technology
3000,PSV Polytechnic College
3000,Pudukkottai Agal
3000,Pudukkottai Yugan
3000,Queens College of Arts and Science for Women
3000,Raja College of Engineering and Technology
3000,Ramasmay Chellapapu ITI Eragudi
3000,RC Institute of Hotel Management Eragudi
3000,RC Institution
3000,RVS Kumaran Arts & Science College
3000,SACS MAVMM Engineering College
3000,Saraswathi Narayanan College
3000,Seethalakshmi Ramasamy College
3000,Servite Arts and Science College for Women
3000,Servite B. Ed
3000,Seshasayee Institute of Technology
3000,Sethu Institute of Technology
3000,Shanmuganathan Engineering College
3000,Shrimati Indira Gandhi College
3000,SLS MAVMM Ayira Vaisyar College
3000,Solamalai College of Engineering
3000,Sourashtra College
3000,Sourashtra College for Women
3000,Sourashtra College Self Finance Wing
3000,Sri Amaravathi College of Arts & Science
3000,Sri Bharathi Arts & Science College for Women
3000,Sri Bharathi Engineering College for Women
3000,Srimad Andavan Arts and Science College
3000,Srinivasan College of Arts and Science
3000,Sri Solamalai Polytechnic College
3000,Sri Vinayaga College of Education
3000,SRM Trichy College of Nursing
3000,SSM College of Arts and Science
3000,St. Antony's College
3000,Subramanian Polytechnic College
3000,The Yadava College
3000,Thiagarajar College
3000,Thiagarajar College of Engineering
3000,Tiruchirapalli Yara
3000,Trichy Celestial
3000,Trichy Diamonds
3000,Trichy SRM Arts & Science College
3000,Trichy SRM Medical College Hospital and Research Centre
3000,Urumu Dhanalakshmi College
3000,Valluvar College of Science & Management
3000,"Velammal College Of Engineering & Technology, Madurai"
3000,Venkateswara College of Education Pudukkottai
3000,Venkateswara Polytechnic College
3000,Vidiyal Aranthangi
3000,Vijay Institute of Management
3000,Vikas College of Arts & Science
3011,Activa Delhi IHE
3011,Apeejay Stya University-Gurugram
3011,College of Vocational Studies
3011,Davim Faridabad
3011,Delhi Allure Midwest
3011,Delhi Capital Circle
3011,Delhi Catalyst
3011,Delhi Dynamic Leaders
3011,Delhi Ehsaas
3011,Delhi Elite
3011,Delhi Genesis
3011,Delhi Genesis Midwest
3011,Delhi Heights
3011,Delhi Janak
3011,Delhi MAIMS
3011,Delhi Midtown Maitreyi
3011,Delhi Nexus
3011,Delhi-Pankh
3011,Delhi Philanthropists
3011,Delhi Phoenix Midwest
3011,Delhi Rajdhani
3011,Delhi South
3011,Delhi South Central
3011,Delhi South East
3011,Delhi Valiant Midwest
3011,Delhi Yuva
3011,Don Bosco Institute of Technology (Sankalp)
3011,DPSRU
3011,Dronacharya Govt. College (Gurugram)
3011,DTU Regency
3011,DUSC
3011,Faridabad Aravalli
3011,Galgotia Educational Institute
3011,Galgotias University
3011,"GD Goenka University, Sohna"
3011,Guru Tegh Bahadur Institute of Technology
3011,IILM University Gurugram
3011,Indira Gandhi Delhi Technical University for Women
3011,Indraprastha College For Women (DU)
3011,Ingenious Minds
3011,Jagannath Institute of Management Sciences
3011,Kirori Mal College
3011,KR Manglam University
3011,"Lady Shri Ram College, New Delhi"
3011,Lakshmibai College
3011,Maharaja Agarsain
3011,Meraki
3011,National Association for Blind
3011,N D I M
3011,New Delhi
3011,N.S.I.T. Regency
3011,Ramanujan College
3011,Resilience
3011,Rever
3011,Saksham
3011,SGT University
3011,Shaheed Bhagat Singh College
3011,Shri Aurobindo College
3011,Shri Ram College of Commerce
3011,Sri Guru Gobind Singh College of Commerce
3011,Sri Guru Tegh Bahadur Khalsa College
3011,Starex University
3011,Sushant University
3011,The North'Cap University
3011,Trinity Institute Dwarka
3011,Unified Spirits
3011,Virasat
3011,Visioners League
3011,World Without Childhood Blindness
3011,Young Souvenirs
3011,Young Visionaries
3012,ABES Sapphire
3012,Ardent Creators
3012,Ashoka Artisans
3012,Ashoka University Youth
3012,Capital City New Delhi
3012,Delhi
3012,Delhi Achievers
3012,Delhi Ananta
3012,Delhi Capitol
3012,Delhi City Nirvana
3012,Delhi Institute of Higher Education
3012,Delhi Mayur Vihar
3012,Delhi Metropolitan Education
3012,Delhi North
3012,Delhi Pegasus
3012,Delhi Regals
3012,Delhi Rohini Saanjh
3012,Delhi Royals
3012,Delhi School of Professional Study & Research
3012,Delhi Shahadra
3012,Delhi Vibrance
3012,DRISHTI' Bhagwan Parshuram Institute of Technology
3012,Dyal Singh College
3012,Ganaur
3012,Ghaziabad Golf Links
3012,Ghaziabad Ideal Umang
3012,Ghaziabad Metro
3012,Ghaziabad Prime
3012,G.I. Bajaj Institute of Technology & Management
3012,Gita Vidya Mandir Girls College
3012,GVM ITM
3012,Hansraj College
3012,Ideal Institute of Management and Technology
3012,Inmantec Institution
3012,IPEM Group of Institutions Ghaziabad
3012,"Jagannath International Management School, Vasant Kunj"
3012,Miranda House
3012,Noida Gen Z
3012,Noida Institute of Engineering and Technology
3012,Noida Youth
3012,O.P. Jindal Global University
3012,O.P. Jindal Global University Alumnus
3012,PGDAV (Eve) College
3012,Physiotherapy Scholars
3012,Ram Eesh Institute
3012,Rishihood University
3012,Shaheed Bhagat Singh Evening College
3012,Shaheed Sukhdev College of Business
3012,Shatabdi Elite
3012,Sonepat
3012,Sri Ramaswamy Memorial University
3012,USME
3012,Vaishali Excellence
3012,Verve
3020,Aarunya of Aditya Degree College
3020,Aditya Degree College
3020,Aikya Kakinada
3020,A. S. Raja Mahila Junior College
3020,Atoma of Aditya Degree College
3020,Coastal Andhra (Tuni)
3020,Dharmapuri
3020,Gayatri Vidya Parishad
3020,GITAM University
3020,Idaya of Madonna College
3020,Kakinada Elite City
3020,Kakinada Yoda
3020,KVSR Siddhartha College of Pharmaceutical Sciences
3020,M. R. College
3020,Naipunya Aditya Degree College Tuni
3020,Narthanasala Dance Academy
3020,Padmavathi of Pithapur Raja Govt. College
3020,Phalguna Kshetram Vijayawada
3020,Pragati Surampalem Central
3020,PSCMR College of Engineering & Technology
3020,PVP Siddhartha Institute of Technology
3020,Rajahmundry River City
3020,Rajiv Gandhi Institute of Law
3020,RK College
3020,Royal City Bezawada
3020,RRC AEC Surampalem
3020,Sabala of Sri Prakash
3020,Sanjeev Institute of Planning and Management
3020,Vanitha Viveka Degree College Tuni
3020,Venkateswara of Pithapur Raja Govt. College
3020,Vijayawada
3020,Vijayawada Elite League
3020,Vijayawada Mid-Town
3020,Vijayawada Sena
3020,Vinanda Degree College
3020,Visakha Sattelite City
3020,Vizag Champions
3020,Vizag Couples PRISM
3020,Vizag Diamonds
3020,Vizag Elite
3020,Vizag Royal Claws
3020,Vizianagarram Central Ekta
3020,Young Leaders of Sri Prakash
3020,Yuvathi of VS Lakshmi Degree College
3030,ACT-YCCE
3030,Akola Midtown
3030,Amalner
3030,Amaravati Midtown Shikhar
3030,Anjuman College Of Engineering & Technology
3030,Ashoka Center For Business And Computer Studies
3030,Asian Institute of Pharmacy Nashik
3030,Balharshah Green City
3030,Chandrapur
3030,City Premier College
3030,City Premier College of Management
3030,Dada Ramchand Bakhru Sindhu Mahavidyalaya
3030,"Datta Meghe Medical College, Nagpur"
3030,Dhanwate National College Nagpur
3030,Dharampeth M.P. Deo Memorial Science College
3030,E-Club of Phoenix Rising
3030,Gandhi City Wardha
3030,G.D. Sawant College Nashik
3030,"G H Raisoni College of Arts, Commerce and Science"
3030,G H Raisoni Law College
3030,G H Raisoni Skill Tech University
3030,G H Raisoni Skill Tech University (Science)
3030,G H Raisoni University Amravati
3030,Godavari Elite
3030,Government College of Engineering Nagpur
3030,Hinganghat
3030,Ignite Nagpur
3030,Jalgaon West
3030,JDCOEM
3030,JESITMR Nashik
3030,K.D.K. College of Engineering
3030,Khamgaon
3030,KR Pandav Mahavidyalaya
3030,KVN Naik Inst. of Pharmaceutical Education & Research (Nashik)
3030,Malegaon Vision
3030,MGV's Pharmacy College
3030,MSGCOPER Nasik Grapecity
3030,MVPS College of Physiotherapy
3030,MVP’s Dr Vasantrao Pawar Medical College Hospital & Research Center-Nashik
3030,Nagpur
3030,Nagpur Down Town
3030,Nagpur Elite
3030,Nagpur Ishanya
3030,Nagpur Jit
3030,Nagpur United
3030,Nagpur Vision
3030,Nagpur West Illuminate
3030,Namco College of Nursing and Research Institute (Nashik)
3030,Nashik
3030,Nashik Airport
3030,Nashik Nexus
3030,Nashik Nine Hills
3030,Nashik Smart City
3030,Nashik Synergy
3030,Nasik Grape Valley
3030,Nasik North
3030,Nasik Youth Force
3030,National Fire Service College
3030,N.I.T. Polytechnic
3030,Orange City Nagpur
3030,Panjabrao Deshmukh Institute of Management Technology & Research Nagpur
3030,Priyadarshini College of Engineering
3030,Raisoni Jalgaon
3030,"Rajkumar Kewalramani Kanya, Mahavidyalaya"
3030,Ramdeobaba University (RBU)
3030,RCOEM Nagpur
3030,Sadabai Raisoli Women's College
3030,Santaji Mahavidyalaya
3030,Satana Baglan
3030,Satana Pride
3030,Shri Lemdeo Patil Mahvidhyalaya
3030,Shri Mathuradas Mohota College of Science
3030,Skill Tech Visionaries
3030,Smt. Binzani Mahila Mahavidyalaya
3030,Smt. Manorambai Mundle College of Architecture
3030,Stepping Stones Nagpur
3030,St. Vincent Pallotti College of Engineering and Technology
3030,Symbiosis Law School Nagpur
3030,TGPCA
3030,Umang
3030,Visvesvaraya National Institute of Technology (VNIT) Nagpur
3030,"Vrajlal Manilal Vasant College, Nagpur"
3030,VSPM Physio
3030,Warora
3040,AcroBusiness Royals
3040,Acropolis Civil
3040,Acropolis Professionals
3040,Acropolis Royals
3040,Bhopal Marvels
3040,Bhopal Shahpura
3040,Chhindwara
3040,Chhindwara City
3040,College of Veterinary Science
3040,Eastern Hills Bhopal
3040,E-Club of Indore North
3040,E-Club of Indore Royals
3040,Everest Hills Bhopal
3040,Government College of Dentistry (Indore)
3040,Himalaya Hills Bhopal
3040,IEHE Bhopal
3040,Indore Activists
3040,Indore Adarsh Tarang
3040,Indore City-Young Leaders
3040,Indore Dynamic
3040,Indore Professionals
3040,Indore United
3040,Lake City Bhopal
3040,Madhyanchal Professional University Bhopal
3040,Manovikas Adarsh Special Educators
3040,Meghdoot Symbiosis Indore
3040,Mhow Community
3040,Nilgiri Hills Bhopal
3040,"People's College Of Dental Sciences, Bhopal"
3040,Prashanti
3040,Ratlam Legacy
3040,Sahyadri Hills Bhopal
3040,Satpura Hills Bhopal
3040,Sheshshayi College
3040,Shivalik Hills Bhopal
3040,S V V V
3040,TIT & Science Bhopal
3040,Trikuta Hills Bhopal
3040,Ujjain Greater
3040,Vindhyachal Hills Bhopal
3040,Young Uptown
3053,Achiever Point Morena
3053,Ajmer Force
3053,Alwar Hope
3053,"Aryan College, Ajmer"
3053,Bharatpur Beats
3053,Bhiwadi Falcons
3053,Bikaner
3053,Bikaner Marudhara
3053,Bikaner Thar
3053,Datia
3053,Gwalior City
3053,Gwalior Mahanagar
3053,Gwalior Shine
3053,Gwalior Youth
3053,III TM GWALIOR
3053,IIT Jodhpur
3053,Jodhana
3053,Jodhpur Jagrati
3053,Morena Mavericks
3053,Prestige Gwalior
3053,RNB Global University
3053,Swami Keshwanand Rajasthan Agricultural University
3053,Vyas Dental College and Hospital
3055,Aadarsh Ahmedabad
3055,Abu Road
3055,Ahmedabad Asmita
3055,Ahmedabad Bopal
3055,Ahmedabad Eleos
3055,Ahmedabad Elysium
3055,Ahmedabad Emerald
3055,Ahmedabad Harmony
3055,Ahmedabad Majestic
3055,Ahmedabad Majesty Stars
3055,Ahmedabad Metro
3055,Ahmedabad Midtown
3055,Ahmedabad NextGen
3055,Ahmedabad Prahladnagar
3055,Ahmedabad Skyline Stars
3055,Ahmedabad Supreme
3055,Ahmedabad Suryoday
3055,Ahmedabad Transcend
3055,Ahmedabad Vasna Young
3055,Ahmedabad West Blind
3055,Ahmedabad Zankar
3055,Ahmedabad Zen
3055,Anjar
3055,Balotra
3055,Barmer Youth
3055,B J Medical College and Civil hospital (Ahmedabad)
3055,Deesa
3055,Deesa Divine Youth
3055,Divine Samarpan
3055,"DNP Arts and Commerce College, Deesa"
3055,Gandhidham
3055,Gandhidham Yuvas
3055,Gandhinagar Gift City
3055,G I T (Gandhinagar Institute of Technology)
3055,GLS Institute of Design
3055,Indus University
3055,Jalore Yuva
3055,Kadi
3055,Kankaria
3055,L.D.C.E.
3055,Midtown Bhuj
3055,Mundra
3055,New L.J.I.E.T.
3055,Palanpur
3055,Palanpur Youth Town
3055,Pandit Deendayal Energy University
3055,Patan
3055,Radhanpur
3055,Sabarmati
3055,Sarvam Ahmedabad
3055,Unjha
3055,Vijapur
3055,Visnagar
3056,Aayojan School of Architecture-Jaipur
3056,Ahan
3056,Aishwarya Udaipur
3056,Aravali Institute of Technical Studies
3056,Bhilwara
3056,Brij Nagar Jhalawar
3056,Bundi Veer Kumbha
3056,Citizen GenZ
3056,Doomshell Academy of Advance Computing
3056,Dudu
3056,Ignite Pali
3056,Jaipur
3056,Jaipur Bapu Nagar
3056,Jaipur Royal
3056,Kota North Gen Z
3056,Manipal University Jaipur
3056,Pali
3056,Rajasthan Dental College
3056,Rising Stars Pali
3056,Shri Mahaveer College
3056,"Swami Keshvanand Institute of Technology, Management and Gramothan"
3056,Udaipur Aishwarya Drishty
3056,Yuva Bhardwaj Foundation
3060,Amreli
3060,Amreli Gir
3060,Anand Round Town
3060,Ankleshwar
3060,Bardoli
3060,Bharuch
3060,Bharuch Next
3060,Bhavnagar Royal
3060,Bhavnagar (Youth)
3060,Charusat University
3060,Daman
3060,Dhule Cross Road
3060,Dhulia
3060,GCET College
3060,Gujarat Institute of Hotel Management
3060,Halvad
3060,Harijyot
3060,Jamnagar
3060,Jamnagar Hope
3060,Jamnagar Smile
3060,Junagadh
3060,Karnabhumi Metro
3060,Mahemdabad
3060,Mahemdabad Femina
3060,Marwadi University
3060,Nadiad Next
3060,NANDNAGARI
3060,Narmada Nagari  (Community Based)
3060,Navapur
3060,Navsari Young Turks
3060,Rajkot
3060,Rajkot Legacy
3060,RNG Patel Institute of Technology
3060,Shindkheda
3060,Surat
3060,Surat Community
3060,Surat Diamond City
3060,Surat East
3060,Surendranagar
3060,Swami Vivekanand Homoeopathic Medical College
3060,Tarsadi Kosamba
3060,TNRAO College
3060,Umbergaom
3060,Vadodara
3060,Vadodara Sayajinagari
3060,Valsad
3060,Vapi
3060,Vapi Phoenix Beacons
3060,Vapi Riverside`
3060,Wadhwan City
3060,Wadhwan Metro
3070,Adampur City
3070,AIMETC
3070,Akhnoor Supreme
3070,Amritsar-Nectar
3070,Amritsar West
3070,Apeejay College of Fine Arts
3070,Arya Girls College Pathankot
3070,Bilaspur
3070,Chief Khalsa Diwan International Nursing College
3070,"CSK Himachal Pradesh Krishi Vishvavidyalaya, Palampur"
3070,Dharamshala Central
3070,Dronacharya College
3070,"Govt. College for Girls, Ludhiana"
3070,Gujranwala Guru Nanak Khalsa College
3070,Hindu College Amritsar
3070,Jammu City
3070,Kanhya Lal Butail Dayanand Anglo Vedic College for Girls (Palampur)
3070,Kapurthala Heritage
3070,"Khalsa College, Amritsar"
3070,Khalsa College for Women Amritsar
3070,"Khalsa College for Women, Ghumar Mandi"
3070,Lovely Professional University
3070,Ludhiana North
3070,Ludhiana Supporter
3070,Mandi
3070,"Medicos RPGMC Tanda, Kangra"
3070,MLSM College Sunder Nagar
3070,Mount Himalayas
3070,Prem Chand Markanda SD College
3070,Pt. Mohan Lal S.D. College
3070,S.S.S.S. College Of Commerce For Women
3070,Sunder Nagar
3070,"Swami Ganga Giri Janta Girls College, Raikot"
3070,Vallabhian
3080,AIMS Mohali
3080,Alaknanda Valley
3080,Amity University Mohali
3080,Arya Kanya Mahavidyalya Shahbad
3080,"Avyanna, Roorkee"
3080,Bajrang Institute Rishikesh
3080,Bhakra Nangal
3080,B S Negi Mahila Pravidhik Prashikshan Sansthan
3080,Chandigarh
3080,Chandigarh College of Architecture
3080,Chandigarh Group of College Jhanjeri
3080,Chandigarh Group of College Landran (Mohali)
3080,Chandigarh Himalayan
3080,Chandigarh Midtown
3080,Chandigarh Shivalik
3080,Chandigarh University
3080,Chandigarh University Central
3080,"College Of Pharmacy, Bela (Ropar)"
3080,"D.A.V. (C) Dental, Yamuna Nagar"
3080,DAV College Ambala City
3080,DAV College for Girls Yamuna Nagar
3080,D.A.V Institute of Physiotherapy & Rehabilitation
3080,"Dev Samaj College for Women, Sector 45, Chandigarh"
3080,Doon Ganga Chidderwala
3080,Doon Shivalik Hills
3080,Global Research Group of Institutions Radaur
3080,Government College Ropar
3080,Government College Sanjauli
3080,"Govt. Dental College, Shimla"
3080,Guru Gobind Singh College for Women
3080,Guru Nanak Girls College
3080,Guru Nanak Institutes (GNITM)
3080,Guru Nanak Khalsa College
3080,Himachal Institute of Dental Sciences (Paonta Sahib)
3080,Himachal Pradesh University of Legal Studies Nyayapath
3080,HPNLU Shimla
3080,Ignite Panchkula Greens
3080,IMS Unison University Dehradun
3080,Indian Institute of Management – Sirmaur
3080,Indira Gandhi National College Ladwa
3080,Jind Institute of Engineering & Technology (JIET)
3080,JMIT Radaur
3080,Kalka Heritage
3080,Karnal
3080,Kurukshetra
3080,Ladwa
3080,Ladwa City
3080,Law College Dehradun U U
3080,Legis Social
3080,Maharaja Agrasen College (Jagadhri North)
3080,Matu Ram College Ladwa
3080,Medserve Rotaract Chandigarh
3080,Mohali City
3080,Narsee Monjee Institute of Management Studies - Chandigarh Campus
3080,Noble Nexus
3080,Open Hands
3080,Panchkula Beautiful
3080,Panipat Institute of Engineering and Technology (PIET)
3080,Panjab University Champions
3080,Pehowa
3080,Positive Abilities
3080,Punjab Engineering College
3080,Rayat College of Law
3080,Rishikesh Queens
3080,Rishikesh Royal
3080,Rishikesh Young Central
3080,Roorkee Waves
3080,Sardar Bhagwan Singh University
3080,S.D. College Ambala Cantt.
3080,S D College Chandigarh
3080,Shimla Midtown
3080,Soaring Monks Chandigarh
3080,Sri Guru Gobind Singh College
3080,TIET
3080,Tricity Social
3080,University College of Business Studies
3080,University Institute of Applied Management Sciences
3080,University Institute of Engineering and Technology
3080,Waknaghat
3080,Yamunanagar
3080,Yamuna Nagar Riviera
3080,Youth Ambala Central
3090,Behbalpur Champions
3090,Bhiwani Vibrant
3090,City Ganga Nagar Royals
3090,"District Institute of Education & Training (DIET), Nabha"
3090,Fatehabad Champions
3090,Ganganagar Youth
3090,"Government Bikram College of Commerce, Patiala"
3090,Hanumangarh
3090,Hanumangarh Pink
3090,Hissar Pioneering
3090,Hissar Star Pioneering
3090,Mansa City Royal
3090,Mansa Star Pioneering
3090,Midtown Patiala
3090,Moga City
3090,Nabha
3090,Nabha Greater
3090,Nabha Vibrant
3090,Patiala Handicraft
3090,Pilibanga Pioneering
3090,Rajpura
3090,Rajpura Greater
3090,Shine-Sunam
3090,Sriganganagar East
3090,Sri Ganganagar Visionaries
3090,Sunam
3090,Sunam Main
3090,Sunam Star
3090,Surendra Dental College
3090,Thapar University
3090,Tibbi Pioneering
3090,Uklana Mandi
3100,Bulandshahar Baran
3100,Bulandshahr Awaaz
3100,Bulandshahr City
3100,Bulandshahr Sewaa Path
3100,Bulandshahr Sitaara
3100,Bulandshahr Youth
3100,Chandausi Optometry
3100,Chandausi Sunrise
3100,Gyanoday Meerut
3100,Hindu College Moradabad Achievers
3100,IFTM University
3100,Jain College
3100,KDM Private ITI
3100,Khurja City
3100,Khurja Shorya
3100,Meerut Mahan
3100,Meerut Udaan
3100,Meerut Umang
3100,Moradabad Achievers
3100,Moradabad Achievers Pride
3100,Moradabad Central
3100,Moradabad ImpactHub
3100,Moradabad Private ITI
3100,Moradabad Samarpan Vibe
3100,Muzaffarnagar Sanyam
3100,Shamli
3100,Shamli Midtown
3100,Vijay Singh Pathik Govt. P.G. College Kairana
3110,Agra
3110,Aligarh Panther
3110,Aligarh Smart City
3110,Aligarh Wisdom
3110,"Ascent College, Unnao"
3110,Avyukta Kanpur
3110,Baans Bareilly
3110,Kanpur
3110,Kanpur Grand
3110,Kanpur North Udaan
3110,Kanpur Star
3110,Kanpur West
3110,Kanpur Youth
3110,Kasganj City
3110,Manu Jhansi
3110,Pilibhit Bansuri
3110,Pilibhit Greater
3110,Puranpur Tiger
3110,Rudrapur
3110,Rudrapur United
3110,SC Guria IMT
3110,Sky Academy
3120,Allahabad Academia
3120,Allahabad Midtown
3120,Allahabad University
3120,Balrampur Greater
3120,Banaras
3120,Barabanki
3120,Chandauli
3120,Chaudhary Mahadeo Prasad College
3120,Chunar
3120,Deoria
3120,Devipatan Tulsipur
3120,EYS Prayagraj
3120,Ghazipur 'Ganga'
3120,Gola Chhoti Kashi
3120,Gola Youth
3120,Gonda Gaurav
3120,Gorakhpur
3120,Gorakhpur Galaxy
3120,Gorakhpur Sunrisers
3120,Gorakhpur Yuva
3120,Gorakpur Warriors
3120,Heritage IMS Varanasi
3120,Inspiring India
3120,Integrated Federation of Social Activist & Doctors
3120,Jaitwara
3120,Jaunpur
3120,Kashi Mridul
3120,Lucknow Phoenix
3120,Lucknow School of Management Science (SMS)
3120,Mahatma Gandhi P.G. College Gorakhpur
3120,Mirzapur Gaurav
3120,Motilal Nehru Medical College
3120,Motilal Nehru NIT College
3120,Mughalsarai
3120,Panini Kanya Mahavidyalay
3120,Prayagraj Kumbh
3120,Prayagraj Platinum
3120,Prayagraj Sangam City
3120,Pride Mau
3120,Rae Bareli
3120,Raebareli Elite
3120,Renaissance Allahabad
3120,Sant Kabir Nagar
3120,Sardar Bhagat Singh College of Higher Education
3120,Satna
3120,State Unani Medical College
3120,Uday Veer
3120,(UG) Arya Mahila PG College Varanasi
3120,United Allahabad
3120,Varanasi Jai Gange
3120,Varanasi Shakti
3120,Varanasi South
3120,Varanasi Varuna
3120,Varanasi Veera
3120,Varanasi Vishwanath
3120,Vindhyachal
3131,AIT
3131,Ajeenkya DY Patil Group
3131,Alibag Seashore
3131,ALUMNI
3131,Anantrao Pawar College Pirangut
3131,Anekant Institute of Management Studies
3131,Aundh
3131,Aundh Smartcity
3131,Balewadi High Street
3131,Baramati
3131,Bavdhan Pioneers
3131,Bharati Vidyapeeth New Law College Pune
3131,Bibwewadi Pune
3131,Brihan Maharashtra College of Commerce
3131,Christ University Lavasa
3131,C.K.T. ACS College New Panvel
3131,Daund College
3131,Disha Alandi
3131,DIVYAZEP (S.P. College Pune)
3131,Dr. Babasaheb Ambedkar College Aundh
3131,Dr. D. Y. Patil B School
3131,DY Patil College of Engineering
3131,D. Y. Patil International University
3131,GEM
3131,Genba Sopanrao Moze College of Engineering
3131,Golden Talegaon Dabhade
3131,Government Industrial Training Institute (Male) Mulshi
3131,Humanitas
3131,Indira University
3131,Indreshwar
3131,International Institute of Management and Human Resource Development (W)
3131,Khopoli
3131,Konkan Gyanpeeth Rahul Dharkar College of Pharmacy Karjat
3131,Koregaon Park
3131,Magarpatta TrendSetters
3131,MGM's Institute of Management Studies and Research
3131,MIMA Institute of Management
3131,MIT Academy of Engineering
3131,Modern College Ganeshkhind Pune
3131,"Modern College of Arts, Science & Commerce"
3131,MU College of Commerce Pimpri
3131,New Panvel-CKT College
3131,Nigdi-Pune
3131,Panvel Central
3131,Panvel Elite
3131,Panvel Industrial Town
3131,Patalganga
3131,Pen Heritage
3131,Pimpri
3131,Pimpri Elite
3131,Poona South
3131,Pune Aurora
3131,Pune Baner
3131,Pune Camp Next Gen
3131,Pune Camp Pioneers
3131,Pune Cantonment
3131,Pune City
3131,Pune City Fortune
3131,Pune City Legends
3131,Pune City Prabodhan
3131,Pune Gandhi Bhavan Adhyapak Mahavidyalaya
3131,Pune Heritage
3131,Pune Kalyani Nagar
3131,Pune Katraj
3131,Pune Metro
3131,Pune Mideast
3131,Pune Nexus
3131,Pune Phoenix
3131,Pune Pride
3131,Pune Pristine
3131,Pune Pristine Paradise
3131,Pune Renaissance
3131,Pune Royal
3131,Pune Samrajya
3131,Pune Shaniwarwada
3131,Pune Sinhagad Road
3131,Pune Synergy Next Gen
3131,Pune's Yuva
3131,Pune University
3131,Pune Vishwam
3131,Pune Warje
3131,Pune Westside
3131,Pune Wisdom
3131,Pune Zenith
3131,Rajarshi Shahu College of Engineering- Tathawade
3131,Ramkrishna More College
3131,Roar NIBM
3131,Sai Balaji Education Society
3131,Sancheti Healthcare Academy
3131,S. B. Patil College of Architecture and Design
3131,Sinhgad College of Pharmacy
3131,Sinhgad Institute of Management and Computer Application
3131,Symbiosis Artificial Intelligence Institute
3131,Symbiosis Skills and Professional University
3131,Symboisis Law Viman Nagar
3131,Udyognagari Drishti
3131,Universal AI University
3131,Vibrants
3131,Viman Nagar
3131,Vishwakarma Institute of Technology Pune
3132,Ahmednagar Midtown Vadagao Savatal
3132,Ambajogai City
3132,Aurangabad Airport
3132,Balasaheb Desai College
3132,Barshi
3132,Beed Diamond
3132,"Chhatrapati Shivaji College, Omerga (Girls) Jijau"
3132,CSN Next Gen Alliance
3132,DHB Soni College
3132,Goverment Polytechnic Ahmednagar
3132,Jalna
3132,Jalna Central
3132,Jalna Rainbow
3132,Karad City
3132,Latur Central
3132,Latur Mid-Town
3132,Malkapur
3132,"Meenalben Mehta College, Panchgani"
3132,Panchgani
3132,PES College of Engineering Chhatrapati Sambhajinagar
3132,Samarthya Solapur
3132,Sanjivani University
3132,Satara 7 Hills
3132,Shree Nageshwar Private Industrial Training Institute
3132,Shree Santkrupa College of Pharmacy Ghogaon
3132,Shrirampur
3132,Sinhgad College Pandharpur
3132,Smart Orchid College
3132,SMSMPITR Akluj
3132,Swami Vivekanand College of Nursing Udgir
3132,Swami Vivekanand College of Pharmacy Udgir
3132,Swami Vivekanand Mahavidhyalaya Udgir
3132,Tembhurni
3132,Umbraj Town
3132,Wai
3132,Walchand College
3141,Adv. Balasaheb Apte College of Law
3141,Amity Global Business School
3141,Andheri
3141,Anjuman Islam Saiftaybji
3141,Bhavan's College
3141,Bhavna Trust Degree College
3141,Bombay
3141,Bombay Airport
3141,Bombay Chembur West
3141,Bombay Film City
3141,Bombay Hanging Garden
3141,Bombay Hills South
3141,Bombay Juhu Beach
3141,Bombay Kandivli
3141,Bombay Mid-Town
3141,Bombay Mulund Valley
3141,Bombay Northwest-Malad
3141,Bombay Pier
3141,Bombay Queens Town
3141,Bombay Teachers Training College
3141,Bombay Uptown
3141,Bombay West
3141,Borivali Heights
3141,Chandivali Mumbai
3141,Churchgate
3141,Dahisar Coast
3141,Deonar
3141,DGMC/Deviprasad Goenka Management College of Media Studies
3141,DTSS College of Commerce
3141,DY Patil International School
3141,Fr. Conceicao Rodrigues College of Engineering
3141,Ghanshyamdas Saraf College
3141,G.N. Khalsa College
3141,"Gokhale Education Society’s Arts, Commerce & Science College"
3141,Government Dental College
3141,Hassaram Rijhumal College of Commerce And Economic
3141,Hinduja College
3141,IBS Mumbai
3141,IHM Mumbai
3141,Indian Institute of Management Mumbai
3141,ISME
3141,Jaihind College
3141,Jalan College
3141,JES College - Parivartan
3141,Kapol Vidyanidhi College
3141,K.C. College
3141,K.E.S College of Commerce and Economics
3141,Khandwala College
3141,King's Circle Matunga
3141,Lala Lajpat Rai College of Commerce
3141,Laxmichand Golwala College of Commerce & Economics
3141,Lotus College of Optometry
3141,LS Raheja School of Architecture
3141,Maniben Nanavati Women's College
3141,Medicrew
3141,Mithibai College
3141,MMK College
3141,Mulund College of Commerce
3141,Mulund Hills
3141,Mulund Hill View
3141,Mumbai Anchors
3141,Mumbai Bandra Kurla Complex
3141,Mumbai Bhandup
3141,Mumbai Downtown
3141,Mumbai Elegant
3141,Mumbai Ghatkopar
3141,Mumbai Ghatkopar West
3141,Mumbai Greens
3141,Mumbai Jewels
3141,Mumbai JVLR Connect
3141,Mumbai JVPD
3141,Mumbai Lakers
3141,Mumbai Malabar Hill Coast
3141,Mumbai Marvels
3141,Mumbai Medico Marvels
3141,Mumbai Mulund South
3141,Mumbai Nariman Point
3141,Mumbai Nova
3141,Mumbai Salt City
3141,Mumbai Shivaji Park
3141,Mumbai Sky City
3141,Mumbai Southern Empire
3141,Mumbai Spark
3141,Mumbai Versova
3141,Mumbai Wadala East
3141,Mumbai Western Elite
3141,M V Mandali's Colleges of Commerce and Science
3141,Narsee Monjee College
3141,Navneet College
3141,Nirmala Niketan
3141,NMIMS' Anil Surendra Modi School of Commerce
3141,Northern Suburbs
3141,NSS College Tardeo
3141,Palghar
3141,Parleshwar GenZ
3141,Parle Tilak Vidyalaya Association's M.L.Dahanukar College of Commerce
3141,Pearl Mumbai
3141,Podar World College
3141,Prabhavati Padamshi Soni International Jr. College
3141,Principal K. M. Kundnani College of Pharmacy
3141,Ramnarain Ruia College
3141,R.J. College
3141,Sathaye College
3141,Shri MD Shah Mahila College of Arts and Commerce
3141,SIES College Sion (W)
3141,SIES Sion (East)
3141,Singapore International School
3141,Sinhgad College
3141,SNDT College
3141,SOBO
3141,Sophia College for Women
3141,S P C E
3141,S.P.I.T.
3141,S.P.N. Doshi Womens College
3141,St. Mathew's Jr. College
3141,Sydenham College
3141,TCET
3141,Thadomal Shahani Engineering College
3141,Thakur College of Science and Commerce
3141,"Universal College of Engineering, Vasai"
3141,"Usha Pravin Gandhi College of Arts, Science and Commerce"
3141,Valia C L College of Commerce and Valia L C College of Arts
3141,VES College of Pharmacy
3141,Vikhroli
3141,Virar
3141,Vivek College of Commerce
3141,Wilson College
3141,Worli Lalbaug
3142,Achievers College
3142,Amaara Thane
3142,Ambarnath
3142,Ambarnath East
3142,Ambernath Smart City
3142,Badlapur Smart City
3142,Bharati Vidyapeeth Belapur
3142,Bharati Vidyapeeth Sunrise
3142,B. K. Birla College
3142,"CHM College, Ulhasnagar"
3142,Dnyan Ganga College of Pharmacy
3142,Dombivli
3142,Dombivli Downtown
3142,Dombivli East
3142,Dombivli Midtown Youth
3142,Dombivli Sun City
3142,D Y Patil University School of Pharmacy
3142,DYPSBB Satellite City
3142,Hiranandani Estate
3142,Hiranandani Legends
3142,Indala Group of Institutions
3142,Kalyan Heritage City
3142,Kalyan West
3142,K.C. College of Engineering and Management Studies and Research
3142,Lekarz (DY Patil School of Medicine)
3142,Navi Mumbai
3142,Navi Mumbai Hillside
3142,Navi Mumbai Industrial Area (RONMID)
3142,Navi Mumbai Nexus
3142,Navi Mumbai Samaritans
3142,Navi Mumbai Sunrise
3142,New Bombay Seaside
3142,New Bombees
3142,New Dombivli
3142,New Kalyan
3142,NMIMS Sunrise
3142,NRI Complex
3142,Saraswati College
3142,Shivajirao S. Jondhale College of Engineering
3142,SIES Graduate School of Technology
3142,"S.I.E.S. (Nerul) College of Arts, Science, & Commerce"
3142,Singhania School
3142,S. K. College Millennium City
3142,Smart City Navi Mumbai
3142,Thane
3142,Thane Creekside
3142,Thane Downtown
3142,Thane East
3142,Thane Greenspans
3142,Thane Hills
3142,Thane North
3142,Thane North End
3142,Thane Royales
3142,Thane Suburban
3142,Thane Titans
3142,Tilak College Navi Mumbai
3142,Ulhasnagar Sapna Garden
3150,Apollo Medical College
3150,BBCIT (Bankatlal Badruka College of Information Technology)
3150,Bhagyanagar
3150,BVRIT Hyderabad College of Engineering for Women
3150,Falcon
3150,G. Narayanamma Institute of Technology & Science(Women)
3150,Gokaraju Rangaraju Institute of Engineering and Technology Hyderabad
3150,Government Polytechnic Mahabubnagar
3150,Government Vocational Junior College
3150,Guntur Aadarsh Abhyudaya
3150,Guntur (Main)
3150,Hyderabad Corporates
3150,Hyderabad East
3150,Hyderabad Emerald
3150,Hyderabad Himayat Nagar
3150,Hyderabad Medicos
3150,Hyderabad Mega City
3150,Hyderabad North
3150,Hyderabad Royals
3150,Hyderabad The Legends
3150,Hyderabad Trailblazers
3150,Hyderabad Utsav
3150,Hyderabad Visionaries
3150,In Bhadra Sarapaka
3150,Institute of Hotel Management
3150,Kanoon Bhagyanagar
3150,Keshav Memorial Institute of Technology
3150,KGBV Pothavaram
3150,KKR & KSR Institute of Technology and Sciences
3150,Kokapet Aureum
3150,Mahindra University
3150,Malineni Lakshmaiah Women's Engineering College Guntur
3150,Mamata Academy of Medical Sciences
3150,Martur
3150,Martur Central
3150,Narasaraopet
3150,Narasaraopet Phoenix
3150,New Age Engineers
3150,Nirmala College of Pharmacy
3150,Osmania Medical College
3150,QIS Microbirds
3150,QIS Thunders
3150,Rising Thunders
3150,Secunderabad
3150,Secunderabad Medicos
3150,SFC Hyderabad Pearls
3150,Sri Harshini Degree College
3150,St. Ann's Degree College for Women
3150,St. Peters Engineering College
3150,Sunrise
3150,Utkarsh
3150,VILLA MARIE
3150,VJ Degree College
3150,Woxsen University
3160,Amrutha Ayurveda Medical Colege C.T.A.
3160,Amrutha Ayurveda Medical College & Hospital CTA.
3160,Anantapur Giving Hands
3160,A.R.M. First Grade College Davanagere
3160,Bidar Heritage
3160,Bidar Legacy
3160,"B. V. Bhoomaraddi College of Arts, Science and Commerce Bidar"
3160,Chaitanya Bharathi Institute of Technology Proddaturu
3160,"College of Agricultural Engineering (CAE), Raichur"
3160,D. K. Govt. College for Women Nellore
3160,DRW College
3160,Govt Polytechnic Raichur
3160,Gulbarga Suncity
3160,Guntakal Elites
3160,Helpinghearts-Rayachoty Govt. Polytechnic College
3160,JNTUA CE Ananthapuramu
3160,"Karnataka Arts, Science and Commerce College Bidar"
3160,M.M. Degree College Raichur
3160,MSR Degree College
3160,Navanandi
3160,Nellore Sarvodaya
3160,Nellore Shakthi
3160,Rajampet
3160,R G Institute of Commerce & Management
3160,Servo
3160,SJM Institute of Technology
3160,Spoorthi
3160,SRIT Ananthapuramu
3160,"Sri Virat Degree College, Yapaladinni"
3160,Tadipatri Impact Leaders
3160,Vani Sakkare
3160,VGFGC
3160,"Virat Degree College, Yapaladinni"
3160,Women's M. M. Degree College Raichur
3170,Anandibai Raorane College Vaibhavwadi
3170,Annasaheb Dange College Hatkanangale
3170,Anuvartik Mirji Bharatesh Institute of Technology Belagavi
3170,A. R. Patil Kanya College Ichalkaranji
3170,ASPM College Sangulwadi
3170,Atigare
3170,Belgaum
3170,Belgaum Elite
3170,Belgaum Lingraj College
3170,Belgaum South
3170,Belgaum Yuva Darpan
3170,Bharat College Dharwad
3170,Bhatkal
3170,Bicholim
3170,Bijapur
3170,Chhatrapati Shivaji College of Agriculture Oros
3170,Chiplun
3170,Curchorem Sanvordem
3170,Dakkhancha Raja Jotiba (Wadiratnagiri)
3170,Dharwad Deccan
3170,Dharwad Luminous
3170,Dharwad Pristine
3170,D.Y.P. Sunshine
3170,GIC
3170,Goa College of Home Science Achievers
3170,Gokak
3170,Government College Khandola
3170,Government College Navalur
3170,"Government Polytechnic College, Karwar"
3170,Haveri
3170,Hubbali
3170,Hupari
3170,Hupari Pioneers
3170,Ichalkaranji Central
3170,Ichalkaranji Executive
3170,Ichalkaranji Nalanda
3170,IEMS
3170,IHM Catering Technology & Applied Nutrition
3170,Jaysingpur
3170,JGND Bhartesh College
3170,JSS College of Speech & Hearing Dharwad
3170,JT College of BBA & BCA Gadag
3170,Karwar Paschim
3170,K. E. Board First Grade Arts & Commerce PU College Dharwad
3170,Khed City
3170,KIT Sunshine
3170,KLE BCA College Mahalingpur
3170,KLE BCA PCJSC Hubballi
3170,KLECBA Hubli
3170,KLE CBALC
3170,KLE College of BCA Khanapur
3170,KLE's College of BBA & BCA Dharwad
3170,KLE's College of BCA Sankeshwar
3170,KLE's GH BCA Haveri
3170,KLE's GI Bagewadi BCA BBA
3170,KLE's MP Commerce College Raibag
3170,KLE Society's College of BCA Bailhongal
3170,KLE Society's College of BCA RLS Institute Belagavi
3170,KLE Society's Institute of Management Studies and Research Hubballi
3170,KLS Gogte Institute of Technology
3170,Kolhapur
3170,Kolhapur Central
3170,Kolhapur Legacy
3170,Kolhapur Midtown-Phoenix
3170,Kousali Institute of Management Studies Dharwad
3170,Krishna Valley
3170,Kudal
3170,Kumta Coastal
3170,Lote
3170,Mapusa
3170,Margao Midtown
3170,MES College of Nursing
3170,M.E.S Commerce College
3170,Narayan Zantye College of Commerce Champions
3170,Panhala
3170,Panjim
3170,Pattan-Kodoli
3170,Ponda
3170,Presentation Girl's Composite P.U. College
3170,"Rajarshi Shahu College, Rukadi"
3170,Ratnagiri Midtown
3170,Rising Youth Banda
3170,RPD College
3170,Sahyadri Pashan
3170,Sangli
3170,Sangli Midtown Synergy
3170,Sanjeevini Pharmacy College
3170,"Sarohini College of Pharmacy ""Samarpan"""
3170,Sawantwadi
3170,S. B. Khade Mahavidyalaya Koparde
3170,"SDM Degree College, Honnavar"
3170,Shantiniketan
3170,"Shivaji Arts, Commerce and BCA College"
3170,"Shivaji College of Educatin, Baad, Karwar"
3170,Shree Pushpasen Sawant College of Pharmacy
3170,Shreeya College of Nursing
3170,"Shri Santram PU College, Athani"
3170,"SJMVS BBA COLLEGE FOR WOMEN, HUBLI"
3170,S.J.M.V.S. Womens BBA College
3170,Smt. A.R.P. Kanya Mahavidyalaya Ichalkaranji
3170,Smt. C. B. Shah Mahila Mahavidyalay
3170,Smt. Shakuntala Institute of Nursing Education
3170,S. S. Dempo College Autonomous
3170,St. Xaviers College
3170,Sunshine Sangli
3170,Swarajya
3170,Tasgaon Grape City
3170,Trinity College
3170,Twin City
3170,Uttara Kannada United
3170,Vasco Da Gama
3170,Vengurla
3170,Venugram-Belgaum
3170,Vidya P Hanchinmani PU Science College
3170,Vishrambag Zenith
3170,Vivekanand College Kolhapur
3181,Akshaya College
3181,Aramane Nagari
3181,Besant P.G. Studies in Commerce
3181,BIMS University of Mysore
3181,B.T.C.G. Govt. First Grade College Yadoor
3181,Canara P.G. Centre For Commerce
3181,Cauvery College Gonikoppal
3181,Coorg Institute of Technology
3181,De Paul College
3181,E-Club of Mysuru Performing Artists
3181,Forestry College Ponnampet
3181,GFGC Mudipu
3181,Government 1st Grade Degree College Vamadapadavu
3181,Government First Grade College for Women Madikeri
3181,Govt. First Grade College Jidekal Puttur
3181,Govt First Grade College Punjalakatte
3181,Govt. First Grade College Siddakatte
3181,Hindustan First Grade College
3181,JSS Law College Mysore North
3181,Keyyur
3181,Kodagu
3181,Krishnarajanagara
3181,Mahajana FGC Mysore
3181,Manel Srinivas Nayak Institute of Management (MSNIM)
3181,Mangalore City
3181,Mangalore Swastika
3181,MIT First Grade College
3181,Mysore
3181,Mysore East
3181,Mysore Mid Town
3181,Mysore School of Architecture
3181,Mysore School of Design
3181,Mysore South East
3181,Mysuru Trailblazers
3181,National Institute of Engineering Mysore
3181,National Institute of Technology Karnataka
3181,NIE First Grade College
3181,Nitte University
3181,Pragathi Paramedical
3181,Puttur
3181,SDM MBA Mangalore
3181,Seshadripuram Degree College Mysore
3181,SNM Polytechnic
3181,Spandan Somwarpet Hills
3181,Srinivas University College of Engineering & Technology
3181,Sri Pragathi Vistara College for Aviation and Management Puttur
3181,Sri Vani Vilas Urs Women's First Grade College
3181,St Aloysius College
3181,St. Joseph Degree College Somwarpet
3181,Sullia
3181,Sullia United
3181,Swastika National Business School
3181,Teresian College
3181,Thingalady
3181,Trinity College Mysore
3181,Vidyavardhaka College of Engineering
3181,"Yenopaya Institute of Arts, Science, Commerce & Management"
3182,Aaraike
3182,Ashothara Seva Jayapura
3182,A S S I T I Billady
3182,Bahubali College of Engineering
3182,Brahmavar
3182,Chikkamagaluru Institute of Medical Sciences
3182,Dr. G. Shankar Gov. Women First Grade College
3182,"Dr. T.M.A. Pai Polytechnic, Manipal"
3182,Gangolli
3182,Good Citizen College
3182,Government First Grade College Byndoor
3182,Government Junior College-Kemmannu
3182,Govt. Engineering College
3182,Govt. Polytechnic College Manipal
3182,Govt. Polytechnic Karkala
3182,Govt. Science College
3182,Hassan Institute of Medical Sciences
3182,ITI Pragathi Nagara
3182,"JNNCE, Shimoga"
3182,Kadur
3182,Kamala Nehru Shimoga
3182,Karkala
3182,Kasturba Medical College Manipal
3182,Katpady
3182,Kota-Saligrama
3182,Koteshwara
3182,K.V.S.M. College Katapady
3182,Malnad College of Engineering
3182,Manipal
3182,Manipal Academy of Higher Education
3182,Manipal Central
3182,Manipal College of Dental Sciences
3182,Milagres College Kallianpur
3182,MPMG College
3182,"Muniyal Ayurveda College, Manipal"
3182,"Netra Jyothi College of Optometry & Paramedical Science, Udupi"
3182,NMAM Institute of Technology
3182,Pragathi Dr. B.B. Hedge First Grade College Kundapura
3182,Rajeev Institute of Technology Hassan
3182,Rajeev Polytechnic
3182,Sagri
3182,Sanjeevini Govt. Degree College Menase
3182,S D M C Ayurveda Kuthpadi
3182,SDM Royals
3182,Seva
3182,Sharavathi 1st Grade College
3182,Shimoga North Elite
3182,Shimoga Stars
3182,Shirdi Sai Degree College
3182,Sri Bhuvanedra College Karkala
3182,Subasnagara
3182,Udupi
3182,Udupi Dhanvanthari College of Nursing
3182,Udupi Dhnavantari College & School of Nursing
3182,Vaidya Institute of Nursing and Paramedical Sciences
3191,AMC Engineering College
3191,A P S College of Engineering
3191,Atria Institute of Technology
3191,Banashankari
3191,Bangalore Aagneya
3191,Bangalore Advaitha
3191,Bangalore East
3191,Bangalore High Grounds
3191,Bangalore Institute of Technology
3191,Bangalore Jayanagar
3191,Bangalore JP Nagar
3191,Bangalore Neo Minds
3191,Bangalore Orchards
3191,Bangalore Prime
3191,Bangalore Revolution
3191,Bangalore South
3191,Bangalore South Parade
3191,Bangalore Southwest
3191,Bangalore Spandana
3191,Bangalore Vijayanagar
3191,Bengaluru Avyanna
3191,Bengaluru Binnypet
3191,Bengaluru BTM
3191,Bengaluru Harmony
3191,Bengaluru HSR
3191,Bengaluru South End
3191,Bengaluru United
3191,Bishop Cotton Womens Christian College
3191,BMSCE
3191,BSVP First Grade College
3191,DA Pandu RV Dental College
3191,Dayananda Sagar College of Dental Sciences
3191,Ghousia College of Engineering
3191,Govt. Engg. College Ramanagara
3191,"Govt. First Grade College, Ramanagara"
3191,Indian Institute of Fashion Technology
3191,Jain Evening College
3191,Jyoti Nivas College
3191,K.G.F. Community
3191,KLE Law College
3191,Koramangala
3191,Krupanidhi College of Commerce & Management
3191,Krupanidhi Group of Institutions
3191,KSSEM
3191,Madanapalle Institute of Technology and Sciences
3191,Maharani Lakshmi Ammanni College
3191,Marathahalli
3191,MEDIKARDIA
3191,Mount Carmel (Deemed to be University)
3191,"Narsee Monjee Institute of Mangement Studies, Bangalore"
3191,New Horizon College
3191,NMIT-MBA
3191,NSB Bangalore
3191,Padmashree Institute of Management and Sciences
3191,Palmville
3191,Patel Group of Nursing
3191,PES University
3191,PES University Electronic City
3191,Prestige Falcon City
3191,Ramaiah College of Law
3191,Ramanagara
3191,RNS Institute of Technology
3191,R.V.C.E.
3191,R V College of Architecture
3191,R. V. University
3191,Sacred Heart College - UG
3191,Sacred Heart Degree College for Women
3191,Samarpane RC College
3191,SEI College Tejas
3191,Seshadripuram Academy of Business Studies
3191,Seshadripuram Institute of Commerce & Management
3191,Shantiniketan
3191,Shishu Mandir
3191,Shri Gnanambica Degree College Madanapalle
3191,Sri Bhagawan Mahaveer Jain College KGF
3191,Sri Saraswathi Vidyanikethana
3191,SRNGS Boys Hostel
3191,S.S.M.R.V. College
3191,St. Francis de Sales College
3191,St. Joseph's College Of Commerce
3191,SVCE Tirupati
3191,S-VYASA
3191,T.S.M.T.
3191,V.E.T First Grade College JP Nagar
3192,Acharya Bangalore B School
3192,Aditya Institute of Management Studies
3192,Agragami Degree College
3192,AIMIT College
3192,AIMS Institute of Higher Education
3192,Ambedkar Institute of Technology
3192,Baldwin Women's Methodist College
3192,Bangalore
3192,Bangalore Basaveshwaranagar
3192,Bangalore Bhuvaneshwari Nagar
3192,Bangalore Golden Rock
3192,Bangalore Indiranagar
3192,Bangalore Junction
3192,Bangalore Nandini
3192,Bangalore North West
3192,Bangalore Oasis
3192,Bangalore Rajmahal Vilas
3192,Bangalore R.T. Nagar
3192,Bangalore Udyog
3192,Bangalore Warriors
3192,Bangalore West
3192,Bengaluru Avinya
3192,Bengaluru Compassion Crew
3192,Bengaluru Nagasandra
3192,Bengaluru Nava Chaitanya
3192,Bengaluru Orion Gateway
3192,Bishop Cotton Yelahanka
3192,BMS Yelahanka
3192,BNM Institute of Technology
3192,Charan's Degree College
3192,Christ University Bangalore Yeshwanthpur Campus
3192,Christ University Bannerghatta Road Campus
3192,Christ University Central Campus
3192,Christ University Kengeri Campus
3192,C M R I T
3192,Dhanwantri Institutions
3192,Falcon Youth
3192,GEMs B School
3192,GITAM Bengaluru
3192,Government First Grade College Chikkanayakanahalli Kalpataru Youths
3192,Gulmohar KIT MBA Department Tiptur
3192,HKBK Group of Institutions
3192,HKES Sree Veerendra Patil Degree College
3192,H K Veeranna Gowda College
3192,Jyothy Institute of Technology
3192,Koshys Institute of Management Studies Autonomous
3192,Mandya
3192,MES College
3192,MES Institute of Management
3192,MKPM RV Institute of Legal Studies
3192,MP Birla Institute of Management
3192,M. S. Engineering College
3192,"M S Ramaiah College of Arts, Science and Commerce"
3192,NBC College
3192,Presidency College
3192,Presidency University Bangalore
3192,Rajanukunte Royals
3192,RajaRajeswari College of Engineering
3192,Ramaiah Institute of Management (RIMS)
3192,RPA First Grade College Rajajinagar
3192,RUAS
3192,Sahakaranagar
3192,Sai Vidya Institute of Technology
3192,Seshadripuram College
3192,Seshadripuram Institute of Management Studies
3192,Siddaganga Institute of Technology Tumakuru
3192,Silicon City
3192,Soundarya Institute of Management and Science
3192,Sree Siddaganga First Grade College
3192,Sri Basaveshwara First Grade College
3192,Sri Guru Sai First Grade College
3192,Srirangapatna
3192,Sri Sai College for Women
3192,St. Annes Degree College for Women
3192,St. Anne's First Grade College for Women
3192,St. Claret College
3192,St Pauls College
3192,Surana College
3192,Surana College Peenya
3192,Swarna Bengaluru
3192,Triveni College
3192,United International Business School
3192,VBR College
3192,Vidya Para Medical College
3192,Vidyaranyapura
3192,Yelahanka
3192,Yenepoya
3203,Adaiyalam
3203,Akshaya Institute of Management Studies
3203,Avinashi East
3203,AVP College of Arts and Science
3203,Bannari Amman Institute of Technology
3203,Bharathidasan College of Arts & Science
3203,Bishop Thorp College
3203,Builders Engineering College
3203,Cauvery Nexus
3203,Christ The King Engineering College Karamadai Youth
3203,Dharapuram Pride
3203,Dr. R.A.N.M. Arts and Science College
3203,Dr. RV Arts and Science College
3203,Erode Arts and Science College
3203,Erode Central
3203,Erode College of Law
3203,Erode Kalam
3203,Erode North
3203,Erode Sengunthar Engineering College
3203,Erode Turmeric City
3203,Forest College and Research Institute
3203,Gandhi Arts and Science College
3203,Government Arts and Science College Anthiyur
3203,Government Arts and Science College Sathyamangalam
3203,Government Arts and Science College Thittamalai
3203,Government Erode Medical College
3203,Government Medical College The Nilgiris
3203,Greenfield Vidyasagar College of Arts & Science
3203,IRT School of Nursing
3203,JSS AHER
3203,Kaamadhenu Arts and Science College
3203,Kamalam College
3203,Kangeyam Institute of Commerce
3203,KEC(Erode)
3203,KMC College of Law
3203,Kongu Arts and Science College
3203,Kongu Naturopathy and Yoga Medical College
3203,Kumaraguru Institute of Agriculture
3203,Nandha Dental College and Hospital
3203,Nandha Engineering College
3203,NGM College
3203,Ootacamund Odyssey
3203,Ooty Maatram
3203,Park's College
3203,P K R Arts College for Women
3203,Pollachi Green Paradise
3203,Pollachi Varnas
3203,Providence College for Women (Autonomous)
3203,Revathi Institutions
3203,Sasurie College of Arts and Science
3203,Shree Venkateshwara Arts and Science (Co-education) College
3203,Shree Venkateshwara Hi-Tech Engineering College
3203,Shri Kumaran College of Arts and Science
3203,SIIMS
3203,Sree Saraswathi Thyagaraja College
3203,Sri Guru Sarva
3203,Sri Vasavi College (Self Finance Wing)
3203,St. Joseph's College for Women Amarpana
3203,St. Joseph's College for Women Smarpana
3203,Theeran Chinnamalai College of Arts and Science for Women
3203,Tirupur Celebration
3203,Tirupur Kumaran College for Women
3203,Tirupur Nexus
3203,Tirupur Redeemers
3203,Tirupur Royals
3203,Tirupur Young Generation
3203,Udamalpet Gandhi Nagar
3203,Udumalpet Yuvas
3203,Velalar College of Engineering and Technology
3203,Vellalar College of Pharmacy
3203,VET Institute of Arts and Science
3203,Vidhyasagar College of Arts & Science
3203,Yadhoom Pollachi
3203,Yermunai Ilaingarkal
3204,Airborne College of Aviation and Management Studies
3204,CALICUT CENTRAL
3204,"Calicut Central SDSMW College, Vellannur"
3204,Calicut City
3204,Calicut Cybercity Future
3204,Calicut Cybercity Youth
3204,Calicut East
3204,Calicut Eyes Institute of Ophthalmology Mukkam
3204,CSWA Cybercity
3204,CSWA Kaloor Road
3204,Eminent Nilambur
3204,Government College Kasaragod
3204,Gurudev College
3204,KUFOS College of Fisheries Payyanur
3204,Madayi Co-operative Arts & Science College
3204,Maharajas College Badagara
3204,Mahe Institute of Dental Sciences
3204,Manjeri
3204,"NSS Unit Women's Polytechnic College, Muthathi, Payyanur"
3204,NTTF Tellicherry
3204,Payyanur Mid Town
3204,Rajive Gandhi Institute of Speech & Hearing
3204,Sir Syed College Thaliparamba
3204,SNES IMSAR
3204,St. Joseph's College Pilathara
3204,Sunrise College of Advanced Studies Kuttur
3205,Christ College (Autonomous) Irinjalakuda
3205,Christ College of Engineering (Autonomous)
3205,Cochin Airport
3205,Cochin Arts and Science College
3205,Cochin East
3205,Cochin Lords
3205,De Paul Institute of Technology
3205,Don Bosco College Mannuthy Thrissur
3205,FISAT Business School
3205,Government Model Engineering College Kochi
3205,Holy Grace Academy of Management Studies
3205,IES College of Engineering
3205,Indira Gandhi Institute of Dental Sciences Kothamangalam
3205,Kerala University of Fisheries and Ocean Studies
3205,KMEA
3205,Kochi United
3205,Little Flower College
3205,Muthoot Institute of Technology and Science
3205,Naipunnya Institute of Management and Information Technology Pongam
3205,Nirmala Arts & Science College
3205,Prajyoti Niketan College
3205,Prayaga Vypin Island
3205,Rajagiri College of Social Sciences
3205,Sacred Heart College
3205,Sacred Heart College (Autonomous) Chalakudy
3205,Sahrdaya College of Advanced Studies Autonomous
3205,Sahrdaya College of Engineering and Technology Autonomous
3205,Sahrdaya Institute of Management Studies (SIMS)
3205,SCMS Cochin School of Business
3205,SCMS School of Technology and Management
3205,St. Aloysius College Elthuruth Thrissur
3205,St. Joseph's College Irinjalakkuda
3205,St. Mary's College (Autonomous) Thrissur
3205,St. Teresa's College Cochin
3205,St. Thomas College (Autonomous) Thrissur
3205,Synergy
3205,TIST
3205,Vimala College
3206,Adithya
3206,Ahalia ASM
3206,Ahalia ASO
3206,AIHSHEW
3206,AJK College of Arts and Science
3206,Akshaya College of Arts and Science
3206,Akshaya College of Engineering & Technology
3206,Atlanta College
3206,Coimbatore Central
3206,Coimbatore Changemakers
3206,Coimbatore City
3206,Coimbatore Comito
3206,Coimbatore Cosmopolitan
3206,Coimbatore Cosmos
3206,Coimbatore Crystals
3206,Coimbatore Gaalaxy
3206,Coimbatore Green City
3206,Coimbatore Ignite
3206,Coimbatore Ikons
3206,Coimbatore Infra
3206,Coimbatore Institute Of Technology
3206,Coimbatore Main
3206,Coimbatore Majestic
3206,Coimbatore Millennium
3206,Coimbatore New Gen
3206,Coimbatore Nexus
3206,Coimbatore Royals
3206,Coimbatore RS Puram
3206,Coimbatore Smart City
3206,Coimbatore Smartcity Umeed
3206,Coimbatore Sparks
3206,Coimbatore Spectrum
3206,Coimbatore Symphony
3206,Coimbatore Texcity
3206,Coimbatore Unicorns
3206,Coimbatore Unique
3206,Coimbatore Unity
3206,Coimbatore Uptown
3206,Coimbatore-Vadavalli
3206,Cug (Covai User Group)
3206,Dhaanish Ahmed Institute of Technology
3206,Dr. N.G.P Arts & Science College
3206,Dr. N.G.P. Institute of Technology
3206,GCT Coimbatore
3206,Happy Valley
3206,HICAS
3206,Hindusthan College of Engineering and Technology
3206,Info Institute of Engineering
3206,JCT College of Arts and Science
3206,JCT College of Engineering and Technology
3206,JCT Polytechnic College
3206,JSS Institute of Naturopathy & Yogic Sciences
3206,Karpagam Academy of Higher Education
3206,Karpagam College of Engineering
3206,Karpagam College of Pharmacy
3206,Karpagam Institute of Technology
3206,Karunya School of Management
3206,Karunya University
3206,Kathir College of Engineering
3206,KG College of Arts and Science
3206,KGiSL Institute of Technology
3206,Kovai Knights
3206,KPRCAS
3206,KPR Institute of Engineering and Technology
3206,KSG College of Arts and Science
3206,Kumaraguru College of Liberal Arts & Science
3206,Kumaraguru College of Technology
3206,Lakshmi Narayana Arts and Science College
3206,"Lead College of Management, Dhoni"
3206,LIA (Lead India Ahead)
3206,Martin Homeopathy Medical College
3206,Monarks IIVM
3206,Nehru Academy of Law
3206,Nehru College of Aeronautics and Applied Sciences
3206,Nehru Institute of Engineering and Technology
3206,Nirmala College for Women
3206,PPG Institute Of Technology
3206,PSG CAS
3206,PSG iTech
3206,PSGR Krishnammal College for Women
3206,Rathinam College of Arts and Science
3206,Royal Care Institute of Nursing
3206,RVS Technical Campus
3206,Saibaba Colony
3206,Sai Ramakrishna NC
3206,Sankara College of Science and Commerce
3206,SNS College of Technology
3206,Sri Krishna Arts & Science College
3206,Sri Krishna College of Engineering and Technology
3206,Sri Ramakrishna College of Arts and Science
3206,Sri Ramakrishna Institute of Technology
3206,Sri Ramalinga Sowdambigai College
3206,Sri Shakti Institute of Engineering & Technology
3206,TNAU (Tamil Nadu Agricultural University)
3206,UIT
3206,United College of Arts and Science
3206,United College of Nursing
3206,United College of Pharmacy
3206,United College of Physiotherapy
3206,Vadakkencherry
3206,VLB Janakiammal College of Arts and Science
3206,Western Valley
3206,Young Vibrants
3206,Yuvakshetra
3211,Aryanadu
3211,BCM College
3211,Chrisanta at The Dale View
3211,Girideepam Institute of Advanced Learning
3211,Greater Changanassery
3211,IHRD College of Applied Science Puthuppally
3211,Karode
3211,KICMA Business School
3211,Kollam City
3211,Kovalam
3211,Kuriakose Gregorios College
3211,Little Lourdes College of Nursing Kidangoor
3211,Loyola College Trivandrum
3211,Manarcad
3211,Mylechal
3211,Paippad
3211,PMS College of Dental Science & Research
3211,Providence College of Engineering
3211,Punalal
3211,Puthuppally
3211,Quilon East
3211,Quilon Heritage
3211,Quilon Heritage Mythri
3211,Saraswathy College of Nursing
3211,St. Joseph College of Communication
3211,The Dale View College of Paramedical Sciences
3211,The Dale View College of Pharmacy and Research Centre
3211,Trivandrum Central
3211,Trivandrum Phoenix
3211,Trivandrum Residency
3211,Trivandrum Suburban NSSA
3211,Udiyankulangara
3211,Venjaramoodu
3212,AAA College of Engineering & Technology
3212,"A.K.D. Dharma Raja Women's College, Rajapalayam"
3212,AKDD Liora
3212,Alagappa Chettiar Government College of Engineering and Technology Karaikudi
3212,Amrita College of Engineering and Technology
3212,"Annai Velankanni College of Engineering, Pottalkulam"
3212,Annamalai Nursing College
3212,Annammal College and School of Nursing
3212,Arasan Ganesan College of Preceptors
3212,Arasan Ganesan Polytechnic College
3212,"Arignar Anna College, Aralvaimozhi"
3212,Arunachala College of Engineering for Women
3212,Bejan Singh Institute of Opthmology
3212,Bishop Agniswamy College of Education
3212,"Cape Institute of Techonology, Tirunelveli"
3212,Dr. Jeyasekharan Medical Trust College
3212,East Coast Ramnad
3212,Elite Angels
3212,Francis Xavier Engineering College
3212,Government Arts and Science College Sivakasi
3212,Government Arts & Science College Srivilliputhur
3212,Government Law College Ramanathapuram
3212,Government Nursing School-TVMC
3212,Govt Law College Tirunelveli
3212,Hitech Polytechnic College
3212,Holy Cross College (Autonomous) Nagercoil
3212,James College of Engineering
3212,James College of Nursing
3212,"Jayamatha Engineering College, Aralvaimozhi"
3212,Kamaraj College
3212,Kanyakumari Government Medical College and Hospital
3212,KPATDR-SMPA's Sivakasi Institute of Printing Technology
3212,Kumarapuram Thoppur Elite
3212,Literary Wing of Mohamed Sathak Hamid College
3212,Malankara Catholic College
3212,Manonmaniam Sundaranar University College Govindaperi
3212,Maria College of Engineering and Technology
3212,Moderator Gnanadason Polytechnic College
3212,Mohamed Sathak Dasthagir College of Education Ramnad
3212,Mohamed Sathak Hamid College Of Arts And Science For Women
3212,Paul Antony Community College
3212,"Pioneer Kumaraswamy College, Vetturnimadam"
3212,Ponjesly Engineering College
3212,PSN College of Education
3212,"PSN College of Engineering & Technology, Tirunelveli"
3212,"PSN Engineering College, Tirunelveli"
3212,"PSN Institute of Technology and Science, Tirunelveli"
3212,"PSN Institute of Technology, Kanyakumari"
3212,PSN Polytechnic College
3212,Rajapalayam Rajus’ College Elite
3212,Rajas Dental College
3212,Ramco Institute of Technology
3212,Ramnad Corallites
3212,Rojavanam Paramedical College
3212,Salvation Army Catherene Booth College of Nursing
3212,Sardar Rajas Nursing College
3212,SFR College for Women Sivakasi
3212,Sivakasi Bell Institute
3212,SPIC Nagar
3212,"Sri Kaliswari College, Sivakasi"
3212,Sri Parasakthi Womens College
3212,Sri Raaja Raajan College of Engg. & Technology
3212,"SRI SRNM College, Sattur"
3212,Sri Vidya Arts and Science College
3212,Sri Vidya College of Engineering & Technology
3212,SSDM College Kovilpatti
3212,St. Ignatious College of Education Palayamkottai
3212,St. Jerome's College
3212,St. John's College of Arts and Science
3212,Sun College of Education
3212,"Sundareshwari Institutions, Srivilliputtur"
3212,Syed Ammal Arts and Science College
3212,Syed Ammal School of Nursing
3212,Thamirabharani Engineering College Tirunelveli
3212,The Standard Fireworks Rajaratnam College for Women
3212,"Universal College of Education, Valliyoor"
3212,Universal College of Engineering & Technology Valliyur
3212,Versatile Wing of Thassim Beevi Abdul Kader College for Women
3212,VHNSN College
3212,"Vins College of Engineering For Women, Kanyakumari"
3212,Virudhunagar
3212,Virudhunagar Kamaraj College of Engineering and Technology
3212,Virudhunagar Village Kings
3212,"Vivek Institute, Kanyakumari"
3212,V.V.Vanniaperumal College for Women Youth Force
3212,White Memorial College of Nursing
3231,Addon Institute of Medical Mission & Research Centre
3231,Arni Industrial Training Institute
3231,"Arunai Engg. College, Thiruvannamalai"
3231,Arunai Medical College and Hospital
3231,Auxilium College
3231,Best Paramedical College
3231,Bhakthavatsalam Polytechnic College
3231,CAHCET
3231,C. M. Annamalai Polytechnic College
3231,Dharapadavedu
3231,DKM College for Women Autonomous
3231,DKM College for Women (Evening)
3231,Government Medical College Thiruvallur
3231,Government Thiruvannamalai Medical College
3231,HIMT Presea College
3231,Imayam Arts and Science College
3231,Kamban College of Arts and Science
3231,Kingston Engineering College
3231,Meenakshi Ammal Arts and Science College Uthiramerur
3231,Nethra College of Optometry
3231,Noble Medical Academy
3231,Pallavan Pharmacy College
3231,Prathyusha Engineering College
3231,Pravaham Community College
3231,"Rajalakshmi Polytechnic College, Tiruvannamalai"
3231,Ranippettai Arts Sciences and Management College
3231,RICT Paramedical Institution
3231,Shanmuga Arts & Science College
3231,Srikrishna College of Engineering
3231,Sri Ramaswamy Memorial Valliammai Engineering College
3231,Sri Sankara Arts and Science College
3231,Sri Venkateswara Institute of Science & Technology
3231,"Sri Venkateswara Polytechnic College, Vellore"
3231,SRM Institute of Hotel Management
3231,"Sun Arts and Science College, Tiruvannamalai"
3231,Thiruvalluvar University
3231,Tiruvannamalai
3231,Vellore Accord
3231,Vellore Institute of Technology
3231,Vishwakasena Angels
3231,Voorhees College
3231,Voorhees College Women
3231,Wisdom Women’s College of Arts and Science
3231,Worth Trust
3233,Akash
3233,Alandur Incredibles
3233,Alpha Arts and Science College
3233,Anand Institute of Higher Technology
3233,Billroth College of Nursing
3233,Chellammal Women's College
3233,Chennai Amethyst
3233,Chennai Angels
3233,Chennai ANVI
3233,Chennai Asgard
3233,Chennai Capital
3233,Chennai Celebrities
3233,Chennai Comrades
3233,Chennai Radiance Raisers
3233,Chennai Towers
3233,Crescent
3233,Dexterous
3233,Dhanraj Baid Jain College
3233,Don Bosco Arts and Science College
3233,East Coast Chennai
3233,Government Arts and Science College Dr. R.K. Nagar
3233,Government Yoga and Naturopathy Medical College
3233,Green Galaxy
3233,Guindy
3233,Hindustan College of Arts & Science
3233,Hindustan University
3233,Kandasamy Naidu College
3233,KCG College of Technology
3233,LICET
3233,Loyola Institute of Technology
3233,Madras Cosmos
3233,Madras Institute of Hotel Management and Catering Technology
3233,Madras Institute of Technology
3233,Madras Mount
3233,Madras School of Social Work
3233,Madras T. Nagar
3233,Mar Gregorios College of Arts & Science
3233,MEASI Institute of Management
3233,Meenakshi College of Nursing
3233,MGR University
3233,M.N.M. Jain Engg.
3233,Patrician College of Arts and Science
3233,Phoenix
3233,Presidency College
3233,Prince Shri Balaji Arts & Science College
3233,Prince Shri Venkateshwara Padmavathy Engineering College
3233,Rajalakshmi Engineering College
3233,Rajalakshmi Institute of Technology
3233,R.K.M. Vivekananda College
3233,Sahas
3233,Sathyabama University
3233,Saveetha College of Allied Health Sciences
3233,Saveetha College of Nursing
3233,Saveetha College of Physiotherapy
3233,Saveetha Medical College
3233,Saveetha School of Law
3233,Shree Chandraprabhu Jain College
3233,Shri Krishnaswamy College For Women
3233,SIMATS Engineering
3233,Soka Ikeda College of Arts and Science for Women
3233,Sree Balaji Dental College and Hospital
3233,SRIHER
3233,Sri Kannika Parameswari College of Arts & Science
3233,Sri Lalithambigai Medical College & Hospital
3233,SRM IST FSH Ramapuram
3233,SRM IST FSH Vadapalani
3233,Stanley Medical College
3233,St. Peter's Institute of Higher Education and Research
3233,Tagore College of Arts and Science
3233,Zenith
3234,A.C. Tech
3234,Agni College of Technology Chennai
3234,Ambattur
3234,AMET University
3234,A.M. Jain College
3234,A.M. Jain College - Shift II
3234,Anna Adarsh College for Women
3234,Asan Memorial College
3234,Asan Memorial College of Engineering and Technology
3234,Bhakthavatslam Memorial College for Women
3234,Chennai
3234,Chennai Bliss
3234,Chennai Bullionaires
3234,Chennai Central
3234,Chennai Dynamic Entrepreneurs
3234,Chennai Gems
3234,Chennai Genesis
3234,Chennai Legends
3234,Chennai Premier
3234,Coastal Legacy
3234,"College of Engineering, Guindy (CEG)"
3234,D.G. Vaishnav College
3234,Dhanalakshmi College of Engineering
3234,"D.R.B.C.C.C. Hindu College, Pittabiram"
3234,Dream Home
3234,Drishti
3234,Dr. Mgr Janaki College for Women
3234,Ethiraj College for Women
3234,GSS Jain College
3234,Jeppiaar Engineering College
3234,Jeppiaar University
3234,Jerusalem College of Engineering
3234,Kings Cornerstone International
3234,Kumararani Meena Muthiah College of Arts and Science Adyar
3234,Loyola College
3234,Madras
3234,Madras Central
3234,Madras East
3234,Madras Gold Coast
3234,Madras Knights
3234,Madras Millennia
3234,Madras Rhythms
3234,Madras Steps
3234,Mahalakshmi College of Arts and Science
3234,Mohamed Sathak College of Arts and Science
3234,M.O.P. Vaishnav College for Women
3234,Nanganallur Elite
3234,New College
3234,Panimalar Medical College
3234,Prince Shri Venkateshwara Arts and Science College
3234,S.A. College of Arts & Science
3234,SAGAA
3234,Saveetha School of Management
3234,SDNB Vaishnav College
3234,S.I.V.E.T. College
3234,Spectrum
3234,Sree Muthukumaraswamy College
3234,Sri Venkateswara College of Engineering
3234,S.R.M. Easwari Engineering College
3234,SRMKTR
3234,S.S. Jain College for Women
3234,St. Anne’s Arts and Science College
3234,Stella Maris Chennai
3234,Tagore Dental College and Hospital
3234,Tamil Nadu Dr. Ambedkar Law University
3234,TJS College of Arts and Science
3234,"VELS Institute of Science, Technology & Advanced Studies"
3234,Vepery
3234,Vinayaka Missions Research Foundations Chennai
3234,Vishwahita
3234,VIT (Chennai Campus)
3234,Womens Christian College
3234,YMCA College of Physical Education
3234,Youth Organ Donation Awareness (YODA)
3240,Aerocity Durgapur
3240,Agartala
3240,Agartala Central
3240,Agartala City
3240,Agartala Medics
3240,Agartala Nexus
3240,Agnigarh
3240,AK Chanda Law College Silchar
3240,Asansol
3240,Aspiring Agartala
3240,Bolpur-Santiniketan
3240,Bongaigaon
3240,Burdwan
3240,Cachar College Silchar
3240,Cotton University
3240,Dharmanagar
3240,Dibrugarh
3240,Digboi Oil Town
3240,Dimapur
3240,"D R College, Golaghat"
3240,DSMS College
3240,Durgapur Central Presidency
3240,Eastern Highlands
3240,E-Club of Northeast Catalyst
3240,Gangtok Hills
3240,"G C College, Silchar"
3240,Govt. Model College Borkhola
3240,Greater Silchar
3240,Greater Silchar Royals
3240,Greater Tezpur
3240,Greater Tezpur City
3240,Hailakandi Green City
3240,Imphal
3240,Kalabhumi Tezpur
3240,Malda Central
3240,Mandir Nagari Udaipur
3240,Naharkatia
3240,Namsai
3240,Nehru College
3240,North Tripura
3240,NSHM Knowledge Campus (Durgapur)
3240,Parbati Teacher's Training Institute (B.Ed. College)
3240,Patkai
3240,Raniganj Institute of Information Technology
3240,Rongali Guwahati
3240,Shillong
3240,Silchar
3240,Silchar Harmony and Heritage
3240,Silchar Medical College & Hospital
3240,Silchar Med Visionaries
3240,Silchar Royals
3240,Southfield College
3240,SRM University Sikkim
3240,Tezpur
3240,Tinsukia
3240,Ukhra
3250,Amolwa
3250,Amrapali
3250,Arka Jain University (School of Commerce and Management)
3250,"B.ed Jamshedpur Co-operative College, Jsr"
3250,Bettiah Town
3250,Birla Institute of Technology Ranchi
3250,BIT Sindri
3250,Bodhgaya Heritage
3250,Buxar
3250,Chaibasa
3250,DBMS College of Education
3250,Dhanbad Midtown
3250,"Dr. Shyama Prasad Mukherjee University,"
3250,Jamshedpur Green City
3250,Jamshedpur Humanitarians
3250,Jamshedpur Sevarthah
3250,Jamshedpur Srinath University
3250,Kalimati Jamshedpur
3250,Karim City College
3250,Koderma Yuwa
3250,MGM Medical College
3250,Mrs. KMPM Vocational College
3250,Muzaffarpur
3250,Narkatiaganj
3250,Netaji Subhas University
3250,Patna City
3250,Patna Mid-Town
3250,Patna Millennium
3250,Ranchi Elites
3250,Ranchi ICWAI
3250,R.B. Memorial School of Nursing
3250,Rising Ranchi
3250,RK Mahila College
3250,Sarala Birla University Ranchi
3250,Saran City
3250,Social Revolution
3250,Srinath College of Education
3250,Steel City
3250,St. Xavier's College
3250,United Ranchi
3250,Usha Martin University Ranchi
3250,Vaishali
3261,Atoma
3261,Bhilai Greater
3261,Cogent College
3261,"Gandhi Mahavidyalaya, Rourkela"
3261,Gayatri College of Pharmacy Sambalpur
3261,G.S. College
3261,Hrushikesh Ray Degree Mahavidyalaya Rourkela
3261,Jabalpur City
3261,Millennium Bilaspur
3261,Navyug College
3261,NIT Rourkela
3261,Raipur Queens
3261,Raipur Royal
3261,Ranjhi Jabalpur
3261,Rourkela Institute of Management Studies
3261,Rourkela Municipal College
3261,Rourkela Titans
3261,Sai Valley World Institute of Management & Technology (SVWIMT)
3261,Vedic Degree College
3262,Academic International School
3262,Aikyam Bhubaneswar
3262,Angul Royal
3262,Atal Incubation Centre Nalanda Innovators
3262,Balasore
3262,Balasore-On-Sea
3262,Barabati
3262,Baripada Mayur
3262,Basanta Academy Berhampur
3262,Berhampur Central
3262,Berhampur University
3262,Berhmpur Achivers
3262,Bhayarpur
3262,Bhubaneswar
3262,Bhubaneswar Capital
3262,Bhubaneswar Changemakers
3262,Bhubaneswar Ekamra Kshetra Ananya
3262,Bhubaneswar Excellence
3262,Bhubaneswar Friends
3262,Bhubaneswar Harmony
3262,Bhubaneswar Icons
3262,Bhubaneswar Jayadev
3262,Bhubaneswar Meadows
3262,Bhubaneswar Neeladri
3262,Bhubaneswar Royal
3262,Bhubaneswar Smart City
3262,Bhubaneswar Smile
3262,Bhubaneswar Sunshine
3262,Bhubaneswar Toshali
3262,Bhubaneswar Utkal Impetus
3262,Bhubaneswar Utkal Ollywood
3262,Bhubaneswar Utkal Sakha
3262,Birupa
3262,Biswa Bharati Dhenkanal
3262,Brahmapur
3262,Brahmapur Innovative
3262,Byasabhoomi
3262,Byasabhoomi Jajpur Road
3262,Chilika-Balugaon
3262,C I T Bhadrak
3262,CPS Mohuda
3262,Cuttack
3262,Cuttack Barabati Fort
3262,Cuttack Cantonment
3262,Cuttack Central
3262,Cuttack East
3262,Cuttack Golden Star
3262,Cuttack Greater
3262,Cuttack Mahanagar
3262,Cuttack Silver City
3262,Dhenkanal
3262,E-Club of Bhubaneswar
3262,Fakir Mohan University
3262,IHM Bhubaneswar
3262,Indian Institute of Tourism and Travel Management
3262,ITER Bhubaneswar
3262,Jaleswar
3262,"Jan Shikshan Sansthan, Cuttack"
3262,Jatni
3262,Jeypore
3262,"Keonjhar School of Engineering, Keonjhar"
3262,Khurda
3262,KSOM Bhubaneswar North
3262,Link Eye Hospital & Research Institute
3262,Millenium Royal
3262,Mission Public School
3262,MITS School of Biotechnology Bhubaneswar
3262,Nayagarh
3262,Odisha
3262,ODM Business School (OBS)
3262,Pumas
3262,Salandi Nursing School
3262,Synergy Institute of Engineering and Technology
3262,UNIITECH Degree College (Nayagarh)
3262,Vedbyash Brahmapur
3292,Annapurna
3292,Baglung
3292,Bagmati
3292,Bajra Manasalu
3292,Balaju
3292,Balkumari
3292,Banepa
3292,Baneshwor
3292,Baneshwor Royal
3292,Bardibas
3292,Bhadgaon
3292,Bhadrapur
3292,Bhairahawa
3292,Bhairahawa Chautari
3292,Bhaktapur
3292,Bhanu
3292,Bharatpur
3292,Bharatpur Height
3292,Birat Medical College Fusion
3292,Biratnagar
3292,Biratnagar Central
3292,Biratnagar Down Town
3292,Birganj
3292,Birgunj Metropolis
3292,Birtamode
3292,Birtamode Mid-Town
3292,Budhanilkanatha
3292,Butwal
3292,Butwal Chautari
3292,Butwal Down Town
3292,Butwal South
3292,Butwal Synergy
3292,Central Bouddha Land
3292,Central Butwal
3292,Central Lumbini
3292,Central Rohini
3292,Central Rupandehi
3292,Central Siyari
3292,Central Valley Kasthamandap
3292,Chandragiri
3292,Changu
3292,Charumati
3292,Chitwan
3292,Chitwan Medical College
3292,Dakshinkali
3292,Damak
3292,Damauli
3292,Dang
3292,Devdaha
3292,Devdaha Medical College
3292,Dhading
3292,Dhangadhi
3292,Dhangadhi Next Gen
3292,Dharan
3292,Dharan Ghopa
3292,Dhulikhel
3292,Dillibazar-Kathmandu
3292,Durbarmarg
3292,Gaidakot
3292,"Galkot, Baglung"
3292,Gandaki University
3292,Gokarneshwor
3292,Gongabu North
3292,"Gyaneswor, CiST"
3292,Hemja
3292,Hetauda
3292,Himalayan Golfers
3292,Himalayan White House International College
3292,Himalaya Patan
3292,Itabhatta Municipal
3292,Itahari
3292,Janakpurdham
3292,Jawalakhel
3292,Jawalakhel Manjushree
3292,Kakarvitta
3292,Kamaladi
3292,Kantipur
3292,Kantipur Dental College
3292,Kapilvastu
3292,Kasthamandap Kathmandu
3292,Kathmandu
3292,Kathmandu Height
3292,Kathmandu Horizon
3292,Kathmandu Kalanki
3292,Kathmandu Medical College
3292,Kathmandu Medical College- Duwakot
3292,Kathmandu Metro
3292,Kathmandu Metropolis
3292,Kathmandu Mid-Town
3292,Kathmandu North
3292,Kathmandu North East
3292,Kathmandu University
3292,Kathmandu University Medical School (KUMS)
3292,Kathmandu University School of Management
3292,Kathmandu West
3292,Kawasoti
3292,Kirtipur
3292,KIST Medical College
3292,Kopundol
3292,Kshitiz International College
3292,Lalitpur
3292,Lalitpur Midtown
3292,Lamahi
3292,Lamjung
3292,Lekhnath
3292,Liberty College
3292,Lumbini Banijya Campus
3292,Lumbini Buddha
3292,Lumbini Medical College
3292,Lumbini Siddharthanagar
3292,Lumbini Stars
3292,Madhyapur
3292,Mahabouddha
3292,Makawanpur
3292,Manigram
3292,Manipal College of Medical Sciences
3292,Manohara
3292,Marchwar
3292,Matribhumi Baluwatar
3292,Matribhumi Baluwatar IOM
3292,Mechinagar
3292,Metro City
3292,Narayangarh
3292,Narayani Mid Town
3292,National Medical College
3292,Nawalpur City
3292,Naxal Shakti
3292,Nepalgunj Medical College
3292,Nepal Mandal
3292,Nepal National Hospital
3292,New Road City Kathmandu
3292,Newroad Pokhara
3292,Nobel Medical College Teaching Hospital
3292,Palpa Tansen
3292,Panauti
3292,Parbat
3292,Parbat Pokhara
3292,Pashupati-Kathmandu
3292,Pashupati Nepal Law Campus
3292,Patan
3292,Patan Durbar Square
3292,Patan Heritage
3292,Patan South
3292,Patan West
3292,People's Campus
3292,Peoples Dental College
3292,Pokhara
3292,Pokhara Fishtail
3292,Pokhara GMC
3292,Pokhara Lakeside
3292,Pokhara Midtown
3292,Pokhara University
3292,Purbi Chitwan
3292,Rajdhani
3292,Rammani Multiple Campus
3292,Ratnanagar
3292,Reliance College
3292,Rudramati
3292,Rudramati-Babarmahal-Kathmandu
3292,Rupandehi
3292,Sainamaina
3292,Sainbu Bhainsepati
3292,Sankhu
3292,Saptagandaki Multiple Campus
3292,Shankaracharya
3292,Shikhalapur
3292,Siddharthanagar
3292,Sindhuligadi
3292,Sukedhara
3292,Sundarharaicha
3292,Sunsari
3292,Surunga
3292,Swoyambhu
3292,Thames International College
3292,Tilottama
3292,Tilottama Devdaha
3292,Tilottama-Rupandehi
3292,Tilottama Suddhodhan
3292,Tinau Butwal
3292,Tinau City
3292,Tinkune Kathmandu
3292,Tribhuvan University
3292,Tripureswor
3292,Tulsipur
3292,United Birgunj
3292,Urlabari
3292,Vedavyasa
3292,Vision Kathmandu
3292,Waling
3292,Yala
3292,Yeti Health
63,Bahauddin Zakariya University
63,Farooqabad City
63,Forman Christian College
63,Gujranwala
63,Gujrat
63,Hunza
63,Islamabad Bright
63,Islamabad Downtown
63,Islamabad Metropolitan City
63,Khanewal
63,Lahore
63,Lahore Comrades
63,Lahore Garrison
63,Lahore Greater Shaheen
63,Lahore Jurists
63,Lahore Midtown
63,Lahore Royals
63,Lahore Sharqi
63,Lahore South
63,Lyallpur
63,Mardan
63,Multan Change Makers
63,Multan Metropolitan
63,Multant Cantt
63,Multan Uptown
63,Muzzaffargarh
63,POST GRADUATE INSTITUTE OF ALLIED HEALTH SCIENCES (PGIAHS)
63,Rawalpindi City
63,Rawalpindi Gladiators
63,Sahiwal Healers 101
63,Shifa Tameer-e-Millat University (STMU) Islamabad
63,Toba Tek Singh
63,University of Agriculture Faisalabad
3271,Hyderabad
3271,Hyderabad Elites
3271,Hyderabad Falcon
3271,Hyderabad Peace
3271,Hyderabad Superior
3271,"IBA, Karachi"
3271,"IPRS, SMBBMU Larkana"
3271,Karachi
3271,KARACHI AVENUE
3271,Karachi Cosmopolitan
3271,Karachi CPEC Beachview
3271,Karachi Game Changers
3271,Karachi Kehkashan Kings
3271,Karachi Kolachi
3271,Karachi Safe City
3271,Karachi Sunrise
3271,Karachi Sunset Millennium MOK Global Community
3271,Khairpur Green City
3271,Khairpur United
3271,Khipro Sunders Dream
3271,Larkana
3271,Mirpurkhas
3271,Mirpurkhas Central Democratic
3271,Mirpurkhas Saradar Yasin Malik
3271,SMBBMU
3271,Sukkur
3271,Thar Desert
3271,The Incredible's
3271,Umertkot Hope
3271,Young Researchers
3220,Achievers Lanka Business School
3220,Aegis Nexus
3220,Alumni of University of Moratuwa
3220,American National College
3220,APIIT
3220,Athugalpura
3220,Battaramulla
3220,Batticaloa
3220,Centennial United
3220,C F P S
3220,Chulipuram
3220,Chunnakam
3220,CINEC
3220,Cinnamon Gardens
3220,College of Chemical Sciences
3220,Colombo
3220,Colombo Citadel
3220,Colombo East
3220,Colombo Fort
3220,Colombo Heritage
3220,Colombo Infinity
3220,Colombo Metropolitan
3220,Colombo Mid-City
3220,Colombo Mid-Town
3220,Colombo North
3220,Colombo Port City
3220,Colombo Regency
3220,Colombo Regent
3220,Colombo South
3220,Colombo Up-Town
3220,Colombo West
3220,ECU ECC Kandy
3220,Edith Cowan University
3220,Esoft University
3220,Excellence
3220,"Faculty of Law, University of Colombo"
3220,"Faculty of Medicine, Sabaragamuwa Univesity of Sri Lanka"
3220,Faculty of Medicine University of Colombo
3220,"Faculty of Science, University of Colombo"
3220,Galle
3220,Gampaha
3220,Gampaha Wickramarachchi University of Indigenous Medicine - FISSMS
3220,General Sir John Kotelawala Defence
3220,General Sir John Kotelawala Defence University South
3220,Horizon Campus
3220,ICBT
3220,Imperial College of Business and Studies
3220,Informatics Institute of Technology
3220,Jaffna Mid-Town
3220,Jaffna Peninsula
3220,Kandy
3220,Kandy Hill Capital
3220,Kandy Metropolitan
3220,Katugastota Region
3220,Kelaniya
3220,Kilinochchi Town
3220,KIU
3220,Kurunegala
3220,Management & Science University (MSU)
3220,Mannar Town
3220,Matale
3220,Moratuwa
3220,Nallur Heritage
3220,National Institute of Business Management Kandy
3220,National School of Business Management
3220,Negombo
3220,NIBM
3220,Pamunugama
3220,Panadura
3220,PanColombo
3220,Peradeniya University
3220,Rajarata University
3220,Ratmalana
3220,Ratnapura
3220,Royal Institute of Colombo
3220,Sabaragamuwa University of Sri Lanka
3220,Saegis Campus
3220,Seethawaka Regent
3220,Singer Sri Lanka
3220,Sri Lanka Institute of Information Technology (SLIIT)
3220,Sri Lanka Technological Campus
3220,Trincomalee
3220,University Alumni
3220,"University of Colombo, Arts Faculty"
3220,"University of Colombo, Faculty of Management & Finance"
3220,University of Colombo School of Computing
3220,University of Kelaniya
3220,University of Moratuwa
3220,University of Ruhuna
3220,University of Sri Jayewardenepura
3220,University of Vavuniya
3220,Uva Wellassa University-Badulla
3220,Vavuniya Heritage
3220,Wayamba University
3220,Wellawatte